{"orders": [1], "pixpos_list": [[73.96409594607034, 175.28719308443095, 215.60149746977206, 304.4659294841797, 329.48773524722213, 392.4123810978111, 424.7502412039981, 489.09123573591046, 519.6565494169097, 535.9232383067305, 632.676737854694, 650.3444069668038, 686.5370984137993, 716.6881779185834, 728.705886562443, 776.3497942335431, 807.3464317774423, 820.8831197227239, 838.4158443703664, 860.9244233376903, 894.9074413742187, 916.3791746241217, 916.3791746241217, 926.4275996485928, 985.7467327499529, 1014.6310600932215, 1028.1233200768938, 1056.4874833136764, 1208.1026631170394, 1381.0144273478127, 1512.9715201651366, 1716.7360708930787, 1860.5550191565205, 2042.0513387825931]], "ref_indices_list": [[53, 52, 51, 45, 44, 42, 41, 38, 36, 35, 34, 33, 31, 30, 29, 28, 26, 25, 24, 23, 21, 115, 116, 18, 15, 14, 13, 12, 10, 113, 112, 8, 6, 4]], "ref_name": "deveny_lines.dat", "wvl_list": [[0.7943180000000001, 0.7723760000000001, 0.7635105999999999, 0.7438898, 0.7383979, 0.7245166000000001, 0.7173938, 0.7032413, 0.696543, 0.6929466999999999, 0.6717042999999999, 0.6678276, 0.6598953000000001, 0.6532882, 0.6506528, 0.6402246, 0.6334428, 0.6304789, 0.6266495, 0.6217281, 0.6143062, 0.6099142, 0.6099142, 0.6074337000000001, 0.5944834, 0.5881895, 0.5852488, 0.5790662999999999, 0.5460735, 0.5085822, 0.4799912, 0.4358327, 0.4046563, 0.36548400000000003]]}