{"wvl_list": [[1.3370766, 1.3316851, 1.3276270000000001, 1.3231725, 1.32176, 1.3181015, 1.3011822, 1.2960203, 1.2936733], [1.2960203, 1.2806241, 1.2736901, 1.2705756, 1.262685, 1.2491079999999999, 1.245953, 1.2442724], [1.2491079999999999, 1.245953, 1.2442724, 1.2406221, 1.234677, 1.2207875, 1.2143059999999999, 1.2115641], [1.2143059999999999, 1.2115641, 1.2000385, 1.195437, 1.1822614], [1.1822614, 1.1745450000000002, 1.1722696, 1.1671904, 1.1491254000000002, 1.1460614], [1.1491254000000002, 1.1460614, 1.1444965, 1.141817, 1.1290200000000001, 1.1260787], [1.1088273, 1.1081903, 1.0957287, 1.0898308, 1.084131], [1.084131, 1.076181, 1.0676489], [1.0676489, 1.0530742, 1.0472923], [1.014253, 1.011011], [1.011011, 0.9925919, 0.985894, 0.9802384, 0.9787186], [0.9925919, 0.985894, 0.9802384, 0.9787186, 0.9754434999999999, 0.972083, 0.9687979999999999, 0.9660434999999999], [0.9660434999999999, 0.9515986999999999, 0.944793], [0.937733, 0.9356787, 0.9294081, 0.922703, 0.9165167], [0.922703, 0.9165167, 0.9125470999999999, 0.9047930000000001]], "ref_name": "XeHgArKr_lines.dat", "ref_indices_list": [[1048, 1044, 1041, 1034, 1033, 1029, 1024, 1020, 1018], [1020, 1010, 1005, 1000, 998, 992, 991, 989], [992, 991, 989, 984, 980, 970, 963, 958], [963, 958, 945, 939, 930], [930, 921, 919, 916, 903, 900], [903, 900, 899, 896, 882, 878], [857, 854, 843, 836, 830], [830, 821, 812], [812, 788, 776], [712, 703], [703, 660, 646, 626, 622], [660, 646, 626, 622, 611, 601, 588, 576], [576, 534, 516], [496, 490, 467, 442, 425], [442, 425, 415, 393]], "pixpos_list": [[1340.6971341305912, 1399.2768831885323, 1443.5350981518852, 1491.638337691008, 1507.669672721169, 1547.8882153927896, 1734.6836010737907, 1792.1342927346852, 1818.255272261083], [1339.3403308307313, 1513.0100816259628, 1591.8163803621426, 1627.279233136367, 1717.5724127766518, 1874.2023394310725, 1910.9045740110885, 1930.538150764566], [1436.1245413885274, 1472.998946241067, 1492.6773329382752, 1535.4558134503823, 1605.4336459175381, 1769.6145437896646, 1847.0913374030274, 1879.950430929607], [1422.3094829648296, 1455.2917516903194, 1594.7451391321567, 1660.2923419368665, 1812.4460046270253], [1399.8054739419083, 1495.8771973171888, 1524.3032359905267, 1587.7575496565794, 1816.0939030794245, 1855.109464180637], [1415.0248702341737, 1454.1315912464813, 1474.3150439817616, 1536.3892194329685, 1674.107247207141, 1712.0875206601809], [1550.1265329935532, 1558.504214538077, 1730.1612985572078, 1805.3882626294535, 1882.994137617773], [1502.770306241367, 1611.785280074904, 1729.8640506390047], [1358.7114273164832, 1563.750610370644, 1645.8176209150201], [1763.7263916417976, 1811.9437019644563], [1458.2965143475176, 1735.5309175664408, 1837.6685546666795, 1925.1904306745207, 1948.847007386709], [1389.6864294844113, 1492.0722941244596, 1579.468326714978, 1602.958082293425, 1653.837621964709, 1706.2053412748285, 1757.7122307655793, 1800.9301974435627], [1462.6460860118045, 1692.4794590193624, 1802.5711999491436], [1586.2648064331038, 1619.9855998575426, 1723.1469845044296, 1834.8827357456455, 1938.9614577049529], [1510.5726621844055, 1614.4210920047028, 1681.3706878870396, 1813.7904520912261]], "orders": [30, 31, 32, 33, 34, 35, 36, 37, 38, 39, 40, 41, 42, 43, 44], "pix_widths_list": [[1.5278247531234868, 1.3610329853091137, 1.6026216857513178, 1.9789191377094268, 1.514176320754619, 1.4496371893219309, 1.3657110656005822, 1.4377594286125335, 1.6451226354784796], [1.5527748458661583, 1.3841577330109691, 1.4904670383375684, 1.5072839719308615, 1.3809959199281625, 1.3996503241129663, 1.4555604624323744, 1.4767795653207156], [1.3936041379413349, 1.2753744158363831, 1.395492743677466, 1.423994915644435, 1.3831412663468639, 1.4117164540509732, 1.4020182345233871, 1.4298743663465228], [1.3364949923033194, 1.3755550393143672, 1.3619953676141685, 1.6371821910708984, 1.4127246361063934], [1.3773639490301852, 1.4811495633729126, 1.4968257970904268, 1.3604859156676252, 1.4641246889149202, 1.220059677622071], [1.5057493423242294, 1.2445919819949869, 1.3187187461772463, 1.3357391923104944, 1.3961146574387282, 1.6102462179903545], [1.4816718381489362, 1.416620354920888, 1.4086023428765875, 1.4034238108496524, 1.4523655495151102], [1.4424691416482616, 1.3551660899696671, 1.42394647802146], [1.4014936883575821, 1.3644836222131065, 1.4080041904648049], [1.476733355208425, 1.3936115659873947], [1.3192371183636786, 1.5446878083264064, 1.4888380827766914, 1.5537240814608981, 1.5733751576794985], [1.391904336241965, 1.27011088590913, 1.8194695561072474, 1.4691209748974048, 1.4239369456555726, 1.4324902013302503, 1.4975528914974259, 1.5469514952965413], [1.4419067944968822, 1.4804314597282213, 1.4782971703968635], [1.4088208553056345, 1.5388755113631156, 1.513960945645731, 1.6487845621056763, 1.6075100010499432], [1.4795602573019229, 1.5458397518341331, 1.9191609472594937, 1.6472306106192203]], "pix_amps_list": [[99.66526022999649, 80.34500757983568, 162.5718709674308, 118.27790783331679, 198.89191102778355, 51.342539317229146, 145.41797387553362, 624.5916416640803, 49.66536236267947], [227.32787027440372, 265.00832274726963, 63.25477319250365, 335.37186327636897, 218.5735240523444, 332.17291360697936, 83.42561892442983, 257.0969331368967], [563.549521201481, 322.89022572723115, 1230.6086653275183, 789.5208277648798, 237.58189290325922, 161.80198135949652, 163.55863247293908, 197.02251482354933], [203.57241063522545, 435.53664699921785, 118.13071136096194, 64.0122082280189, 485.6696155407597], [337.5549582743621, 114.84909039058239, 105.67891281512257, 579.8213283208694, 622.1813278201444, 63.87839002346678], [465.2563626572771, 81.47871367967782, 129.34662501993773, 125.1727742009742, 2492.7562283891107, 102.25025154096282], [170.09941383406212, 181.1345082837831, 73.59778668473561, 70.22708121011112, 854.2384569404726], [2379.973811414754, 62.56027174941196, 1860.3779357896726], [303.3210287625299, 334.83155611338805, 10174.767861124838], [3854.6891912344277, 189.24898006738374], [158.45752863899344, 24404.365524229088, 126.68074148365669, 2783.4150910042795, 174.58646279906222], [4339.52643354386, 200.3510909486054, 22210.05242266256, 5320.240867529577, 7522.296032074049, 293.9734700577084, 259.2856062677405, 26302.31247616719], [17587.111941258812, 1224.4266739373252, 99.33633406564499], [408.33949748494865, 1281.5325902810218, 188.86204837874843, 6298.057643997839, 306.78789497449856], [8942.251408609705, 10766.674866732366, 40917.11482491549, 2733.9214470457423]],