{"orders": [23, 24, 25, 26, 27, 28, 29, 30, 31, 32, 33, 34, 35, 36, 37, 38, 39], "pixpos_list": [[1140.6503221838627, 2204.071530795619, 2294.5252194841987, 2331.4992353924754, 2730.3299957612935, 2751.7429520100354, 2799.4695829782318, 2848.04798361251, 3744.0344441042116, 3759.9728740732435], [628.9353173994822, 836.9734097465779, 978.0168078826082, 1996.8238151443302, 2042.0086744257455, 2087.8937596074506, 2591.680620855968, 2591.680620855968, 2662.1178380590263, 2938.4439634851105, 2970.974694849612, 2970.974694849612, 3169.9989772693866, 3288.9967532269006, 3760.0909689818686], [1340.769816552606, 1874.7128093223914, 2203.4766007171943, 2233.7431993234495, 2607.06607616243, 2653.7966725775063, 2708.755550569095, 2792.920552170523, 2828.3162228475508, 3560.0924344172467, 3684.9769668956947], [1961.6358499153296, 2014.1311213297333, 2094.1314778473566, 2127.4961608481594, 2340.446315112848, 2340.446315112848, 2420.691788288579, 2573.115218960516, 2641.4803020057493, 2718.9177470163568, 2746.8517135780776, 3074.8764460191346, 3682.9317114988116], [995.9893956570435, 1763.0665065029564, 2049.6857631690227, 2075.7859950351667, 2336.5214889279537, 2336.5214889279537, 2385.211971729532, 2452.3339951017183, 2654.697423898281, 2673.674646876218, 2793.245841701503, 2905.367757250545], [424.0032101205955, 1141.6216611652942, 1450.0675368986654, 1752.0753326579595, 1957.4275506481977, 2011.448289036553, 2029.1356419552126, 2143.3641472135846, 2238.4571287127164, 2249.520231855202, 2377.878919273662, 2377.878919273662, 2447.5594124875556, 2460.43179477764, 3519.856170410316, 3519.856170410316, 3677.966927751154, 3686.962153424612], [1152.2734838934903, 2485.2673138775485, 2527.268058669634, 2527.268058669634, 2638.7236280190355, 2702.29987450183, 2702.29987450183, 2730.8797980183563, 2730.8797980183563, 2845.173046403792, 2856.11320163264, 3397.601079886144, 3457.965613862028, 3457.965613862028], [1890.8586869093945, 2038.1412569149334, 2098.9002519988926, 2126.1156459517924, 2126.1156459517924, 2179.281134643628, 2234.7720748294437, 2244.5991299298644, 2374.1612117575087, 2530.6646831886287, 2530.6646831886287, 2584.051706142688, 2753.6921341568523, 2781.9356662216255, 2781.9356662216255, 2849.522389928796, 3193.7297931271005, 3267.638337072424, 3277.457215273249, 3405.5055608704192, 3458.5101186872635, 3516.973915708375, 3529.525251592312, 3733.02005063015, 3745.6189709049218, 3746.9141016566537, 3746.9141016566537], [1953.086798965667, 2166.693349516323, 2193.603592146649, 2257.826105256568, 2257.826105256568, 2612.087035089702, 2612.087035089702, 2652.436614027181, 2661.0916627138563, 2780.5440758414748, 3216.3439965496655, 3239.8087622523344, 3285.944863023919, 3285.944863023919, 3471.506787831075, 3683.9955676129002], [1616.784711093336, 2087.75859988657, 2096.5310435748006, 2209.628539074605, 2343.4452846555328, 2438.316238975908, 2478.09588408032, 2622.571809346453, 2644.6121735980687, 2687.789134008551, 2847.288571574464, 2860.96384844752, 3103.890332457426, 3451.994690841295, 3469.2943540993356, 3674.0053409450666, 3972.9246795290906], [642.0141765913567, 656.1503549792003, 656.1503549792003, 951.0308885609568, 1897.9138434242857, 1936.2374362795967, 2075.1508455338276, 2096.3611765194787, 2137.75109668686, 2290.1153509206247, 2303.0683062149756, 2499.7898279347064, 2533.466751354298, 2627.7298649764866, 3080.0140911198528, 3080.0140911198528, 3158.6277486370527, 3464.0007210481504, 3692.494345102523, 3725.0270814167393, 3969.508068649778], [885.2448741361104, 1421.1923161689974, 1558.3794057553166, 1579.260232682167, 1619.971662904269, 1781.4924249311916, 1972.4628804075603, 2004.957988055923, 2095.5688640346966, 2286.6419063235758, 2381.4552017598126, 2381.4552017598126, 2446.880558048534, 2446.880558048534, 2526.8589759055376, 2542.2653430194578, 2601.258744459973, 2707.2242716752735, 2726.935877016313, 3201.027763286274, 3232.9634689214095, 3308.8163445400337, 3472.8450785228997], [641.9565824294186, 652.2381152370635, 952.9671079933813, 1061.1268547170287, 1503.3341524714892, 2013.036249867756, 2028.3542911067893, 2084.7374662887646, 2096.429450567622, 2186.380013651562, 2186.380013651562, 2205.3166708493413, 2281.372213892367, 2281.372213892367, 2376.8502408082923, 2376.8502408082923, 2588.708011108067, 2588.708011108067, 2757.746906620702, 2777.056007598394, 2868.894479082977, 2911.717704485335, 3069.607887399186, 3196.979290630062, 3236.338987782024, 3546.9980901300783, 3674.8872259408963, 3705.945525359993, 3976.6515991142655], [567.9843360618597, 642.6443177350875, 687.4133646465932, 687.4133646465932, 2248.4717586272154, 2266.938496174897, 2329.1135090972457, 2354.9220515292523, 2354.9220515292523, 2392.311158135266, 2399.2262737921474, 2545.907608827767, 2545.907608827767, 2703.8014262665456, 3114.006861633133, 3458.00199119604, 3723.9983024514077], [1768.81144570082, 1912.401773901959, 2057.8921097344587, 2209.6704721375177, 2228.4924010464583, 2533.8617796531616, 2533.8617796531616, 2601.486188534727, 2652.5948752845125, 2708.0152061771005, 2728.9175461935843, 2778.6996189853376, 3972.0909782081317], [971.0819309419472, 1144.9564386701798, 1450.0006543157467, 1593.6536804286068, 1742.8254642834054, 2123.491732572565, 2172.9766919079625, 2213.848497711797, 2226.1452868561055, 2246.051250585132, 2293.837927376739, 2317.933062663111, 2593.15785620931, 2593.15785620931, 2737.429993470935, 2748.3817851355398, 2758.9823952109828, 3245.003241076088, 3459.6312137554983], [684.9255284081036, 875.9602580468924, 1002.7983617505816, 1125.0749198000715, 1293.9203555516078, 1669.5164479980633, 2127.124364762618, 2266.1365972301633, 2276.4585506264216, 2287.006389193414, 2415.835139324377, 2415.835139324377, 2480.671950562834, 2674.3392401166993, 3160.99057698122, 3265.0920161360905]], "ref_indices_list": [[1249, 1230, 1226, 1227, 1219, 1218, 1215, 1212, 1177, 1176], [1248, 1249, 1245, 1217, 1215, 1212, 1192, 1193, 1189, 1179, 1177, 1178, 1170, 1166, 1151], [1215, 1193, 1179, 1178, 1165, 1164, 1162, 1156, 1157, 1116, 1112], [1163, 1161, 1156, 1157, 1148, 1149, 1143, 1131, 1129, 1126, 1123, 1102, 1071], [1173, 1143, 1125, 1121, 1106, 1107, 1102, 1099, 1089, 1090, 1083, 1076], [1173, 1143, 1120, 1102, 1092, 1089, 1090, 1082, 1077, 1075, 1066, 1067, 1061, 1059, 1008, 1009, 1002, 1001], [1102, 1039, 1037, 1038, 1030, 1027, 1028, 1024, 1025, 1012, 1010, 976, 973, 974], [1039, 1030, 1026, 1024, 1025, 1018, 1010, 1011, 1004, 992, 993, 990, 977, 976, 977, 970, 952, 949, 950, 943, 942, 941, 940, 928, 929, 930, 931], [991, 977, 976, 969, 970, 951, 952, 949, 950, 944, 926, 924, 921, 922, 917, 913], [976, 949, 950, 943, 939, 934, 931, 927, 924, 922, 918, 917, 912, 905, 904, 901, 897], [1012, 1010, 1011, 990, 934, 930, 925, 924, 921, 918, 917, 913, 912, 909, 901, 902, 900, 896, 894, 893, 888], [957, 931, 925, 924, 921, 917, 913, 912, 909, 905, 903, 904, 903, 904, 902, 901, 900, 898, 897, 892, 891, 889, 885], [947, 948, 930, 927, 912, 902, 901, 900, 899, 896, 897, 898, 899, 900, 895, 896, 893, 894, 889, 890, 888, 886, 878, 874, 873, 869, 866, 865, 862], [928, 925, 921, 922, 889, 890, 888, 887, 888, 886, 885, 877, 878, 873, 866, 862, 857], [889, 885, 877, 873, 874, 868, 869, 866, 865, 864, 863, 864, 830], [896, 894, 886, 878, 873, 866, 865, 864, 865, 863, 864, 865, 858, 859, 856, 857, 856, 835, 830], [895, 890, 887, 879, 873, 866, 859, 857, 856, 855, 850, 851, 849, 839, 820, 817]], "ref_name": "XeHgAr_lines.dat",