{"orders": [30, 31, 32, 33, 34, 35, 36, 37, 38, 39, 40, 41, 42, 43, 44], "pixpos_list": [[1340.537820847816, 1399.3473990588031, 1443.519051993381, 1491.5735068158672, 1507.583292471494, 1734.5800526951944, 1792.156037679282, 1818.5104759768437], [1281.7730994765552, 1339.2860190528363, 1365.3633112874747, 1512.98690141286, 1577.222160128048, 1591.716667216851, 1627.3198632743458, 1717.57534388708, 1874.2692513510904, 1910.795402051776, 1930.5172924990588, 1972.9188787824835], [1278.37574338616, 1436.1058662792614, 1473.003902619208, 1492.6668510696236, 1535.4347372119364, 1590.206007124012, 1605.3096596963405, 1733.2481718636982, 1847.1039654359213, 1880.0484324095298], [1422.3319484034148, 1455.2502758208886, 1488.5207281214732, 1504.539993277367, 1558.9840206530623, 1659.9557014103846, 1765.361832433447, 1844.6349153709843, 1908.153276072901], [1431.6051051214024, 1495.740663822034, 1524.1120047610716, 1587.7287400533103, 1656.5449330978747, 1816.1358679545385, 1842.1960895176744, 1875.377485446692], [1415.001630655795, 1441.1788285494438, 1474.325320092816, 1536.3712550174093, 1674.1127309076317, 1818.8582899365715, 1940.3782302155525, 2274.9616562292886], [1282.988983351718, 1428.4869321011959, 1494.3424972782166, 1494.3424972782166, 1550.0749964894374, 1730.2051221549914, 1730.2051221549914, 1805.43126839235, 1824.816834148504, 1882.9865057762615, 2111.0837561285766], [1425.1070933405117, 1444.6924178352567, 1502.7629521468277, 1611.7471176135457, 1683.8650038667868, 1718.460336548944, 1729.906402259069, 1934.6157068708615, 2017.1591149776677, 2502.4414887747994, 2502.4414887747994], [1129.6412581166628, 1154.9669166714257, 1358.6968256920354, 1563.7489587498999, 1581.7855227019593, 1593.4951972761899, 1634.4319104959293, 1645.8283100861786, 2126.7457550949193, 2126.7457550949193, 2456.543629849532], [1283.170610317274, 1599.982169522833, 1763.7283559910827, 1784.8140109596225, 1811.898557134468, 2089.953883463224, 2089.953883463224, 2281.3057253721345, 2506.7660708249005, 2506.7660708249005], [1409.9574925871402, 1409.9574925871402, 1458.2628491149387, 1583.5994836718778, 1735.558722455685, 1925.2136759906582, 1948.96750370643, 2148.0065448071873, 3435.024099100547], [1062.7196703638058, 1389.697975927464, 1409.9699319995132, 1579.5675151947, 1602.9656738124286, 1706.254123640059, 1757.6599088997016, 1800.9471887488276, 2511.7881597975243], [1050.6177438320312, 1240.7097837236358, 1462.681554186799, 1692.4848208105475, 1718.807748320699, 1802.4860242158738, 1856.7142398758149, 1917.52799072216, 2167.6398119481387, 2272.805982052168, 2476.042881189772], [1131.2018474346032, 1361.591046198738, 1471.32376458491, 1525.4710009483156, 1586.2653354794372, 1619.943500393373, 1698.3811449567563, 1723.2471466807435, 1834.9280829912582, 1938.9940507507342, 2006.0599643898186, 2139.5946234493813, 2541.219884897187], [1510.5950060419802, 1560.6348895178828, 1614.437119682535, 1681.3773154582843, 1813.8008434531312, 2210.548228427859]], "ref_indices_list": [[804, 801, 800, 796, 793, 789, 787, 786], [789, 787, 786, 784, 782, 780, 777, 775, 770, 769, 767, 765], [775, 770, 769, 767, 763, 759, 760, 755, 748, 745], [748, 745, 742, 741, 736, 731, 724, 722, 717], [722, 716, 714, 711, 708, 701, 700, 698], [701, 699, 698, 695, 686, 678, 668, 643], [686, 676, 671, 672, 666, 654, 655, 647, 646, 642, 627], [647, 646, 642, 634, 630, 628, 627, 612, 601, 550, 551], [642, 640, 627, 612, 609, 607, 602, 600, 550, 551, 507], [600, 566, 550, 547, 542, 507, 508, 483, 444, 445], [549, 550, 542, 530, 506, 482, 478, 443, 263], [550, 506, 502, 481, 477, 462, 452, 443, 342], [506, 481, 442, 407, 402, 391, 380, 375, 342, 327, 301], [443, 407, 390, 380, 373, 370, 358, 354, 342, 325, 315, 299, 240], [339, 329, 325, 315, 298, 240]], "ref_name": "XeHgAr_lines.dat", "wvl_list": [[1.3370766, 1.3316851, 1.3276270000000001, 1.323452, 1.32176, 1.3011822, 1.2960203, 1.2936733], [1.3011822, 1.2960203, 1.2936733, 1.2806241, 1.2749719, 1.2736901, 1.2705756, 1.262685, 1.2491079999999999, 1.245953, 1.2442724, 1.2410486], [1.262685, 1.2491079999999999, 1.245953, 1.2442724, 1.2406221, 1.234677, 1.234677, 1.223859, 1.2143059999999999, 1.2115641], [1.2143059999999999, 1.2115641, 1.208811, 1.2074799999999999, 1.2030334, 1.195437, 1.1861110000000001, 1.1796790000000001, 1.17479], [1.1796790000000001, 1.1745450000000002, 1.1722696, 1.1671904, 1.161726, 1.1491254000000002, 1.1473427, 1.1444965], [1.1491254000000002, 1.1467098, 1.1444965, 1.13711, 1.1290200000000001, 1.117988, 1.1090724, 1.0843009], [1.1290200000000001, 1.1176339, 1.1130236, 1.1130236, 1.1086652, 1.0957287, 1.0957287, 1.0898308, 1.0872688, 1.084131, 1.0676489], [1.0898308, 1.0872688, 1.084131, 1.076181, 1.070971, 1.0684699, 1.0676489, 1.0530742, 1.0472923, 1.014874, 1.014874], [1.084131, 1.0820846, 1.0676489, 1.0530742, 1.051803, 1.050938, 1.0480905, 1.0470048, 1.014874, 1.014874, 0.9931555000000001], [1.0470048, 1.0253819, 1.014253, 1.012825, 1.011011, 0.9931555000000001, 0.9931555000000001, 0.9806378000000001, 0.967159, 0.967159], [1.0141191, 1.0141191, 1.011011, 1.0025032999999999, 0.9925919, 0.9804708000000001, 0.9787186, 0.9660434999999999, 0.891797], [1.014253, 0.9925919, 0.9909108, 0.9802384, 0.9785761000000001, 0.972083, 0.9687979999999999, 0.9660434999999999, 0.922892], [0.9925919, 0.9802384, 0.9658621, 0.9515986999999999, 0.949968, 0.944793, 0.941459, 0.937733, 0.922892, 0.9171433000000001, 0.90601], [0.9660434999999999, 0.9515986999999999, 0.94453, 0.941459, 0.937659, 0.9356787, 0.9308420000000001, 0.9294081, 0.922892, 0.9165167, 0.9125470999999999, 0.9053700000000001, 0.88333], [0.9224799000000001, 0.9195114999999999, 0.9165167, 0.9125470999999999, 0.9047930000000001, 0.88333]]}