{"wvl_list": [[2.397306, 2.3851542, 2.3285956, 2.3199595, 2.3139519], [2.3199595, 2.3139519, 2.2083206], [2.2083206, 2.2045578000000003, 2.1540086, 2.1475864000000002, 2.1378942, 2.133871], [2.1540086, 2.1475864000000002, 2.133871, 2.0991839, 2.0816723, 2.0739294000000004, 2.0652768, 2.0621856, 2.0267819], [2.0991839, 2.0621856, 2.0322560000000003, 2.0267819, 2.0192597, 1.9971182, 1.9822918], [2.0267819, 1.9971182, 1.995032, 1.9822918], [1.8793248, 1.8637377], [1.8793248, 1.7919522, 1.7828859000000001], [1.7919618, 1.7828859000000001, 1.7449668, 1.7330511999999998], [1.7330511999999998, 1.6945212, 1.6732649000000002], [1.6945212, 1.6744651999999998, 1.6732649000000002, 1.6524381000000001, 1.6441065], [1.6524381000000001, 1.6441065, 1.6184443, 1.6127061, 1.6057653, 1.6044231, 1.5993861, 1.5904031], [1.6057653, 1.5993861, 1.5904031, 1.5887504000000001, 1.5739208, 1.5561393, 1.5422602, 1.5406849, 1.5333533], [1.5422602, 1.5406849, 1.5333533, 1.5176836999999999, 1.5050617], [1.5176836999999999, 1.5050617, 1.4736764999999998, 1.4654351, 1.4638504], [1.5050617, 1.4736764999999998, 1.4697023, 1.4654351, 1.4638504, 1.4600461, 1.4368848], [1.4368848, 1.4253089, 1.4244790999999999, 1.4146252000000001, 1.4097493]], "ref_name": "XeHgAr_lines.dat", "ref_indices_list": [[232, 231, 230, 229, 228], [229, 228, 225], [225, 224, 223, 222, 221, 220], [223, 222, 220, 219, 218, 216, 215, 214, 212], [219, 214, 213, 212, 211, 210, 208], [212, 210, 209, 208], [207, 206], [207, 197, 194], [198, 194, 192, 190], [190, 189, 187], [189, 188, 187, 183, 182], [183, 182, 180, 179, 178, 177, 176, 174], [178, 176, 174, 173, 171, 169, 167, 166, 162], [167, 166, 162, 159, 157], [159, 157, 152, 148, 147], [157, 152, 150, 148, 147, 145, 143], [143, 141, 140, 139, 138]], "pixpos_list": [[2204.0721275689075, 2294.525835364536, 2730.330137680099, 2799.470095840498, 2848.0510738748717], [2042.0090855193785, 2087.8928178509404, 2938.443804498347], [2203.476761069559, 2233.7428318796647, 2653.7967118089637, 2708.755409811135, 2792.9181620422314, 2828.318136001369], [1961.6282500390741, 2014.1313932362245, 2127.496371470926, 2420.6919028121483, 2573.115602258946, 2641.4822364247357, 2718.9183125179497, 2746.851871999529, 3074.877037963091], [1763.044513349323, 2075.783503558439, 2336.52140117352, 2385.2108532787884, 2452.333884913293, 2654.697557847697, 2793.24576639614], [1752.1201346624493, 2011.4445498712296, 2029.0638619046304, 2143.3628575633206], [2485.267011111672, 2638.7242780421147], [1890.8577662411087, 2753.6922651618356, 2849.524872355776], [2166.6942157239228, 2257.8259701013644, 2652.441514149119, 2780.5250444343433], [2209.6285173088145, 2622.572356282021, 2860.9507878606655], [2075.1491058326483, 2290.1249640737606, 2303.0614303107, 2533.467038593508, 2627.7299903768517], [2004.9455659414434, 2095.551388218802, 2381.4547909796074, 2446.879729644594, 2526.8608800665784, 2542.32492426504, 2601.260167755315, 2707.224288362213], [2013.027900742136, 2084.6815451429065, 2186.3816445670923, 2205.3451413358407, 2376.849662696992, 2588.708018830149, 2757.7463350169924, 2777.0604800217893, 2868.893279840975], [2248.472287999775, 2267.023249856746, 2354.9220705649195, 2545.910007009658, 2703.801651107657], [2057.871636423873, 2209.6720152973676, 2601.4849857019663, 2708.0154019692964, 2728.916253431739], [1742.8262300104732, 2123.4868165571047, 2172.9699406907494, 2226.0004783182367, 2246.076766248189, 2293.8363395045553, 2593.1586432045133], [2127.127862436702, 2275.856606082156, 2286.493777395853, 2415.833787449768, 2480.67204511058]], "orders": [23, 24, 25, 26, 27, 28, 29, 30, 31, 32, 33, 34, 35, 36, 37, 38, 39], "pix_widths_list": [[1.9946868342326467, 2.0652978330640273, 1.5586655993497727, 1.898314159965935, 1.8080485871452514], [1.9024155545374608, 1.96929684051661, 1.5713102876614164], [2.134307392411102, 2.1841086011580577, 1.9794621615785295, 1.906083357406688, 1.8922799992318826, 1.8450500939242165], [1.8710630731234659, 1.9941441192706293, 2.1697571174937775, 2.2658192403509716, 2.3301469927438054, 2.163224654571193, 1.87621154146347, 1.867231685599881, 1.7058747406886905], [1.593159761199291, 2.1524179329546733, 2.3761120563529166, 2.332011440090661, 2.356493362641305, 2.01827311750786, 1.857284977787524], [1.5988849908077003, 2.04781878227728, 2.201809782580648, 2.3975487219788563], [2.2433839764265913, 2.0880420380762454], [1.6843794048468954, 1.811237309772128, 1.693486925537492], [2.5047497912478662, 2.628034063809125, 1.6674956591791381, 2.3041952237514183], [3.0465375096759395, 2.1525843930186337, 1.633612569666971], [2.4951454328202267, 2.365429595260826, 2.569929689543318, 2.206801051341952, 2.0977036492314283], [2.100031166091705, 2.463194287934477, 2.4732745368590767, 2.3049748600339317, 2.201479622228321, 1.9878735340940838, 2.104198333193815, 1.9240902874503454], [2.0619516153493214, 2.2455996252273738, 2.5843972088664864, 2.523847649041296, 2.384503635244534, 2.2513179898783027, 1.8379370826011558, 1.6412461347630476, 1.6617155667534769], [2.59586880662562, 2.209643297670895, 2.5116620449775433, 2.2511227930101554, 1.9269514901462101], [2.230182815644789, 2.596313861866486, 2.0934465527774377, 1.9006777653918583, 2.024279015374288], [1.6493387760509841, 2.3947816169573306, 2.564637973452378, 2.400510359377534, 2.403646645334719, 2.6883686040716364, 2.063961050773259], [2.337422706872795, 1.476900944587981, 1.7959882095308812, 2.389437064671247, 2.340905096763062]], "pix_amps_list": [[647.8710357404212, 521.7805715606687, 35.40345482502037, 843.9964755931014, 313.65401693582345], [868.0737431059686, 474.1334260842341, 158.08199188713687], [642.2398797326839, 192.72686006277277, 1146.0813454681663, 592.5758337859417, 60.45280148163673, 147.3728296464646], [466.2214817291086, 363.09003026195217, 263.2186987185952, 4384.927859614177, 131.70813703249004, 125.20153169030148, 132.57097187176325, 3572.2328963751997, 137.2636297737266], [210.84868507583965, 3405.547288458022, 429.24485524240947, 8258.993553589607, 238.46991955408126, 678.3560121936711, 303.2550326900228], [233.8110470277551, 327.66259210630585, 38.986593703524626, 493.2527942570935], [1227.88554703973, 102.21607489240003], [125.34941679014102, 4757.761752632889, 62.980645564413805], [7504.802041283891, 332.05715402481263, 1185.4872672169577, 1062.1726720538054], [2962.225089976875, 21582.22834969701, 623.8084014132656], [11370.720008646704, 978.0626130842373, 5589.940057042562, 3601.2689540038655, 732.7513103036539], [740.4466114239738, 419.571166381124, 564.1216903891495, 480.6187207222937, 2778.997112764634, 175.3876741508916, 2174.453439419855, 265.9099437842876], [553.2204431309241, 974.4966358876698, 403.2936390621159, 128.1595633868462, 60.98671332206922, 167.61726089363592, 1870.1780929615813, 89.16596029416611, 59.01797484134354], [6046.76547070255, 351.0380580879168, 1512.6959145015446, 1673.479493793302, 3322.32580913255], [452.11571330731255, 5920.877730280717, 11677.724887929857, 447.7623466187875, 290.8734230718955], [205.28166625045088, 6565.885981636747, 154.28241243252347, 914.7117513394365, 804.6889255351548, 585.6536367520179, 184.55317143197], [92.71715425815657, 188.10181869337737, 251.4901687411518, 913.4622554627896, 2959.8999230481136]],