{"orders": [30, 31, 32, 33, 34, 35, 36, 37, 38, 39, 40, 41, 42, 43, 44], "pixpos_list": [[1736.7645402043088, 1770.9984019744775, 1806.8555933334485, 1853.4082972867839, 1885.0492203485944, 1943.7414951355033, 1971.5203137116157, 2041.9162775514587, 2066.364227016842, 2148.237750634282, 2169.6096795482417, 2435.411426652788, 2453.6039211591656, 2479.1686407480233, 2722.5449237587004, 2758.676002954447, 2796.128465466657, 2911.77543352705, 3314.0450140470125], [1346.629646411608, 1887.6334639386673, 1900.7884275371955, 1921.3362318059612, 1948.600754737246, 1979.781518208786, 2058.866364146169, 2076.0033714262645, 2100.408866010636, 2100.408866010636, 2132.423858905044, 2132.423858905044, 2147.2871426207334, 2186.8311951988294, 2220.886725277248, 2256.4756301241273, 2302.7015524941876, 2334.2905639943674, 2392.8632350675075, 2420.648114307656], [1720.0470644008244, 1753.6895588398734, 1788.3500949795173, 1834.1090365671007, 1864.1867583884061, 1921.5525149717614, 1947.6914993784503, 2016.2144209370033, 2039.0090048339953, 2138.0834390388563, 2322.528408498339, 2322.528408498339, 2335.8082801231376, 2335.8082801231376, 2356.137760233194, 2383.377857598672, 2383.377857598672, 2621.996262106449, 2656.6179044859864, 2692.293009383294, 2771.292560158402], [1362.108734991997, 1438.081635664679, 1840.2091766841095, 1856.1239836206075, 1856.1239836206075, 1878.4491713558627, 1907.1080865892516, 1937.2496702791093, 1937.2496702791093, 2016.899280318607, 2016.899280318607, 2032.7721945601493, 2032.7721945601493, 2055.3693880583673, 2055.3693880583673, 2084.7132153879415, 2084.7132153879415, 2104.3683793630453, 2104.3683793630453, 2143.2221434920016, 2176.5986119984423, 2176.5986119984423, 2210.8809510598035, 2256.172570702646, 2286.207562659714, 2369.0916849386876], [1673.049098334977, 1711.2934462812027, 1744.7285181725574, 1778.2106510793317, 1823.699574861112, 1852.3848551196766, 1909.1723298076797, 1933.855814931203, 2001.2902305058271, 2022.504253137969, 2099.876634751454, 2118.7330040346747, 2250.064584273368, 2266.0027708992147, 2288.2611299193604, 2288.2611299193604, 2316.675895565624, 2316.675895565624, 2552.4224618167277, 2586.183499226946, 2620.223567004591, 2695.9072285995308], [1305.7354822930122, 1373.4077558730376, 1373.4077558730376, 1805.3576368367294, 1822.8350355760533, 1822.8350355760533, 1846.627736319078, 1876.2854958114092, 1905.7798580185881, 1905.7798580185881, 1985.9668244771165, 1985.9668244771165, 2000.8507195380862, 2000.8507195380862, 2022.041949818789, 2022.041949818789, 2050.061286951901, 2050.061286951901, 2073.1761105885907, 2073.1761105885907, 2111.190650082614, 2144.377568335024, 2177.4889087966476, 2222.567205795219, 2222.567205795219, 2251.171141514636, 2251.171141514636], [1664.432034104827, 1701.7854824672697, 1735.4733500979628, 1767.8384617279194, 1813.3185531031843, 1840.9060554065886, 1897.5309283790673, 1920.8693797454453, 1988.0278674077435, 2007.793684745798, 2211.1125437173073, 2234.9558239899243, 2264.5454589523883, 2498.519771169607, 2564.668743516939], [1309.034196232948, 1375.6402138739813, 1772.227032690614, 1772.227032690614, 1791.4648754065572, 1791.4648754065572, 1816.388714740407, 1816.388714740407, 1836.0220086719444, 1846.9792605391415, 1876.0464401864758, 1956.7167719732201, 1970.8935099344055, 1970.8935099344055, 1991.1578846019208, 1991.1578846019208, 2017.6294785325877, 2043.9357944216654, 2081.3308704607452, 2114.765478825063, 2146.7331717486404, 2191.686559192317, 2219.243154815607], [1685.1672077125645, 1719.288720514521, 1750.6999300911853, 1796.6537363923003, 1823.0656263547298, 1879.8596480022386, 1902.1095994506688, 1969.4458129076004, 1987.8104403322018, 2185.363094021664, 2215.6529494086344, 2449.1494875544117, 2514.5908927096575], [1683.5893684172213, 1683.5893684172213, 1725.997755051912, 1725.997755051912, 1754.662636440198, 1754.662636440198, 1767.888978240551, 1767.888978240551, 1780.9369611816628, 1780.9369611816628, 1794.7040854725763, 1812.127533041448, 1812.127533041448, 1839.0110137141737, 1839.0110137141737, 1922.4077926639288, 1922.4077926639288, 1936.0066187521395, 1936.0066187521395, 1955.5354923965622, 1955.5354923965622, 2010.1153419688983, 2010.1153419688983, 2046.7446975612688, 2080.5160977450973, 2080.5160977450973, 2111.555200188707, 2111.555200188707], [1657.4895647695896, 1657.4895647695896, 1692.4474115941712, 1692.4474115941712, 1722.8319186461106, 1722.8319186461106, 1770.0717883758234, 1770.0717883758234, 1791.6122478473173, 1791.6122478473173, 1810.2278957346055, 1810.2278957346055, 1810.2278957346055, 1851.7038521906413, 1851.7038521906413, 1851.7038521906413, 1871.7676027345367, 1871.7676027345367, 1890.359973896991, 1890.359973896991, 1917.3660920130874, 1917.3660920130874, 1917.3660920130874, 1942.7268400561281, 1942.7268400561281, 1975.4987432192784, 1975.4987432192784, 2006.974731534453, 2006.974731534453, 2006.974731534453, 2036.8806516574407, 2036.8806516574407, 2106.8748319492493, 2106.8748319492493, 2106.8748319492493, 2397.033194697698, 2397.033194697698, 2397.033194697698], [1709.131978707277, 1709.131978707277, 1736.313499840366, 1757.4132345864502, 1768.5333491145752, 1768.5333491145752, 1797.0203843333709, 1879.0624934499683, 1892.2400270159114, 1892.2400270159114, 1967.389493582789, 2003.5688212262307, 2037.284898219314, 2037.284898219314, 2067.8984997677717], [1555.6958552495337, 1574.2022530980757, 1660.99051593785, 1691.8309077851213, 1721.3793212348764, 1763.5251226195617, 1789.9445281829644, 1843.627586457412, 1866.540547405117, 1951.8201170841417], [1775.7760623240897, 1785.4020516843714, 1802.240119796951, 1825.9893097827048, 1888.2083702543555, 1905.8275169429671], [1582.3143060868845]], "ref_indices_list": [[2962, 2974, 2976, 2985, 2993, 2997, 3002, 3010, 3014, 3020, 3024, 3056, 3069, 3080, 3173, 3189, 3197, 3227, 3315], [2794, 2864, 2878, 2888, 2902, 2909, 2927, 2934, 2940, 2941, 2944, 2945, 2950, 2963, 2972, 2976, 2984, 2992, 2996, 3002], [2780, 2792, 2795, 2803, 2808, 2816, 2821, 2829, 2833, 2841, 2864, 2865, 2878, 2879, 2888, 2902, 2903, 2963, 2975, 2977, 2994], [2614, 2626, 2687, 2696, 2697, 2704, 2715, 2726, 2727, 2740, 2741, 2748, 2749, 2758, 2759, 2766, 2767, 2770, 2771, 2780, 2792, 2793, 2797, 2803, 2809, 2820], [2587, 2600, 2606, 2616, 2618, 2626, 2636, 2638, 2645, 2648, 2656, 2659, 2687, 2696, 2704, 2705, 2716, 2717, 2781, 2793, 2797, 2811], [2401, 2418, 2419, 2499, 2513, 2514, 2524, 2528, 2538, 2539, 2560, 2561, 2566, 2567, 2573, 2574, 2584, 2585, 2588, 2589, 2601, 2606, 2616, 2618, 2619, 2626, 2627], [2391, 2403, 2410, 2418, 2426, 2428, 2443, 2446, 2453, 2456, 2509, 2525, 2529, 2601, 2617], [2168, 2189, 2290, 2291, 2304, 2305, 2316, 2317, 2322, 2325, 2338, 2360, 2370, 2371, 2374, 2375, 2384, 2388, 2404, 2411, 2418, 2426, 2429], [2170, 2178, 2190, 2202, 2205, 2218, 2228, 2239, 2245, 2316, 2325, 2405, 2421], [2000, 2001, 2024, 2025, 2054, 2055, 2058, 2059, 2065, 2066, 2068, 2078, 2079, 2094, 2095, 2121, 2122, 2134, 2135, 2140, 2141, 2156, 2157, 2171, 2178, 2179, 2190, 2191], [1860, 1861, 1867, 1868, 1874, 1875, 1894, 1895, 1908, 1909, 1917, 1918, 1919, 1926, 1927, 1928, 1941, 1942, 1948, 1949, 1955, 1956, 1957, 1966, 1967, 1980, 1981, 1988, 1989, 1990, 2002, 2003, 2052, 2053, 2054, 2171, 2172, 2173], [1778, 1779, 1787, 1797, 1798, 1799, 1811, 1827, 1830, 1831, 1857, 1861, 1867, 1868, 1875], [1653, 1657, 1678, 1689, 1696, 1701, 1707, 1720, 1723, 1736], [1608, 1617, 1625, 1631, 1653, 1657], [1545]], "ref_name": "ohlines.dat",