{"orders": [23, 24, 25, 26, 27, 28, 29, 30, 31, 32, 33, 34, 35, 36, 37, 38, 39], "pixpos_list": [[2176.5947356414677, 2267.0644506908206, 2528.499888645592, 2655.964160017891, 2773.2537428145783, 2822.1716137358326], [1905.3835526122994, 1971.0270693212549, 2015.9431901002572, 2061.6114540284343, 2571.2985555020664, 2913.9386603001353, 3066.395328951182], [2178.0296467693615, 2208.375602644366, 2319.818087573793, 2628.6690995575577, 2683.9115053009778, 2803.6677287024186], [1642.8061059730564, 1937.5727569328565, 1989.9734702071992, 2102.9760416166096, 2242.8682532423536, 2396.0407612998533, 2548.706991597383, 2694.643585807528, 2722.8991846056515, 2899.95933095474], [1741.0165121374612, 2025.7531960241558, 2052.2316090972, 2218.4059228365736, 2312.7112437369533, 2361.465825943255, 2408.09676250184, 2631.0621420900475, 2770.11246660108], [1730.7488319707345, 1988.8070743685857, 2120.501130622259, 2226.648726411756], [2453.4603002011368, 2552.885180297724, 2616.167092459482, 2667.9769974605497, 3099.3959831178877, 3281.5307119831336], [1956.0928379480786, 2065.677966780852, 2471.7920717145794, 2640.8406780182713, 2732.2969501173643, 2808.5940260274547], [1897.2071803891563, 2058.7337395294558, 2145.895851398582, 2217.922838622288, 2237.1054064219156, 2449.4458535857484, 2631.2569380263876, 2674.970941194813, 2760.1863862166647, 3258.4370701368175, 3302.8137974350184], [2067.3501161195804, 2108.8178811248426, 2190.1628263108532, 2417.6568417781787, 2429.7566637083387, 2457.97756016127, 2657.586939913906, 2698.9127482020685, 2776.0326038488824], [2108.770813377843, 2148.125558813149, 2221.4642039618648, 2270.3615671389384, 2513.363029021344, 2607.5899694441378], [1594.4138864592258, 1632.9429918704325, 1704.3389383873237, 1954.3966569200195, 1986.247919939895, 2044.722893254255, 2076.6519209919993, 2210.13030808808, 2267.423128505762, 2361.9920902869044, 2427.402826390415, 2507.416658279365, 2581.624487798848, 2687.77741514165, 3292.9565025420966], [1994.954150215828, 2066.16908795154, 2167.889507462778, 2186.70270439557, 2259.0432481385283, 2421.1435229626977, 2670.3286238984606, 2738.8844636744752, 2796.7143063478425, 2843.4870978260437, 3220.428994189982], [2164.657829408599, 2230.4165074858656, 2248.9058305751887, 2285.263101961846, 2329.654081527341, 2377.075222651319, 2445.058896605026, 2481.8422214261564, 2527.3511474185457, 2685.3153376538926], [1895.6331795944345, 1961.2477204515262, 1996.781753928692, 2040.5315983418118, 2192.117130310522, 2211.4980586189645, 2242.098295402835, 2295.3304731864464, 2689.969927267534, 2710.9003660239505], [1502.0334833693807, 1727.7956700931677, 2208.874099662003, 2228.9204210370444, 2439.5023678437524, 2494.1365515315965, 2526.2684288277846, 2598.449651324766], [2032.1673342503282, 2063.0283138843406, 2132.6431313000253, 2249.0746245769606, 2258.9551197893925, 2269.6850876796607, 2398.676214727173, 2463.4240863535597, 2656.662431955097]], "wvl_list": [[2.397306, 2.3851542, 2.3508785, 2.3346687000000004, 2.3199595, 2.3139519], [2.3346687000000004, 2.325942, 2.3199595, 2.3139519, 2.2491824, 2.2083206, 2.190851], [2.2083206, 2.2045578000000003, 2.190851, 2.1540086, 2.1475864000000002, 2.133871], [2.190851, 2.1540086, 2.1475864000000002, 2.133871, 2.1171265999999997, 2.0991839, 2.0816723, 2.0652768, 2.0621856, 2.0429459999999997], [2.0991839, 2.0652768, 2.0621856, 2.0429459999999997, 2.0322560000000003, 2.0267819, 2.0215342, 1.9971182, 1.9822918], [2.0267819, 1.9971182, 1.9822918, 1.9705549999999998], [1.8802753, 1.8701481, 1.8637377, 1.8585982, 1.8172288, 1.8007146], [1.8701481, 1.8585982, 1.8172288, 1.8007146, 1.7919522, 1.7847582], [1.8172288, 1.8007146, 1.7919522, 1.7847582, 1.7828859000000001, 1.7621605, 1.7449668, 1.7409204000000003, 1.7330511999999998, 1.6895067, 1.6858102], [1.7449668, 1.7409204000000003, 1.7330511999999998, 1.7114599999999998, 1.7103449, 1.707745, 1.6895067, 1.6858102, 1.6789718], [1.6895067, 1.6858102, 1.6789718, 1.6744651999999998, 1.6524381000000001, 1.6441065], [1.6895067, 1.6858102, 1.6789718, 1.6553827, 1.6524381000000001, 1.6470258999999998, 1.6441065, 1.6319629999999998, 1.6268513, 1.6184443, 1.6127061, 1.6057653, 1.5993861, 1.5904031, 1.5422602], [1.6057653, 1.5993861, 1.5904031, 1.5887504000000001, 1.5824387, 1.568529, 1.5478249, 1.5422602, 1.5376241, 1.5339158, 1.5050617], [1.5478249, 1.5422602, 1.5406849, 1.5376241, 1.5339158, 1.53, 1.5243787, 1.5213686, 1.5176836999999999, 1.5050617], [1.53, 1.5243787, 1.5213686, 1.5176836999999999, 1.5050617, 1.503462, 1.500941, 1.4965986999999998, 1.4654351, 1.4638414], [1.5243787, 1.5050617, 1.4654351, 1.4638414, 1.4472976, 1.4430736000000002, 1.440617, 1.435132], [1.4430736000000002, 1.440617, 1.435132, 1.4260766, 1.4253089, 1.4244790999999999, 1.4146252000000001, 1.4097493, 1.3954360000000001]], "ref_indices_list": [[890, 889, 888, 887, 884, 883], [887, 885, 884, 883, 880, 878, 876], [878, 877, 876, 875, 874, 872], [876, 875, 874, 872, 871, 869, 868, 865, 864, 863], [869, 865, 864, 863, 862, 861, 860, 858, 856], [861, 858, 856, 855], [852, 848, 847, 846, 835, 831], [848, 846, 835, 831, 828, 825], [835, 831, 828, 825, 824, 822, 820, 818, 815, 796, 794], [820, 818, 815, 808, 807, 806, 796, 794, 793], [796, 794, 793, 792, 785, 783], [796, 794, 793, 786, 785, 784, 783, 782, 781, 780, 779, 778, 776, 774, 762], [778, 776, 774, 772, 771, 768, 763, 762, 760, 756, 745], [763, 762, 761, 760, 756, 751, 750, 749, 747, 745], [751, 750, 749, 747, 745, 744, 743, 742, 731, 729], [750, 745, 731, 729, 726, 725, 724, 722], [725, 724, 722, 720, 719, 718, 715, 713, 708]], "ref_name": "arc_lines.dat"}