{"orders": [30, 31, 32, 33, 34, 35, 36, 37, 38, 39, 40, 41, 42, 43, 44], "pixpos_list": [[1432.1764325171669, 1490.9612599771917, 1535.0504625209812, 1598.999764550708, 1825.173825419228, 1882.4483782024247], [1430.3622890062677, 1603.572584114368, 1681.9137706726729, 1717.3703804158908, 1807.270462163914, 1963.4044467538013, 2000.0325130421859, 2019.677362106308], [1526.1903434811504, 1562.9203349848024, 1582.5146045038273, 1625.1099008089382, 1694.663494698546, 1858.5592705613772, 1935.7538670830543, 1968.516781842328], [1511.694775139267, 1544.5882121886195, 1900.505943227182], [1488.5433280201776, 1675.8220068507003, 1903.5618550939491], [1503.1943555586015, 1562.3776800364838, 1623.8124846852234, 1761.4824161659794], [1645.5295311434381, 1969.2329623735634], [1589.6659496667082, 1816.212912954968], [1445.8518036445068, 1650.0117774642324, 1731.9686066313598], [1369.98394450081, 1849.0852220623779, 1897.0786762899738, 2174.3459589081062], [1496.1475968754182, 1820.69200137475, 1922.5043937886658, 2009.8403320103662, 2033.2343549186016], [1475.572547453802, 1577.749252607145, 1664.6791874315536, 1688.1886461564843, 1738.8460959369754, 1791.1387632083977, 1885.5924120003838], [1326.1727547322246, 1548.0512962724983, 1777.1685398588857], [1670.9819957573545, 1704.5713117864339, 1807.5372475370336, 2022.6854284432284], [1644.9986222991568, 1698.718981403185, 1897.5640218907013]], "wvl_list": [[1.3370766, 1.3316851, 1.3276265, 1.3217605, 1.3011822, 1.2960201999999998], [1.2960201999999998, 1.2806239, 1.2736902, 1.2705754999999999, 1.2626805, 1.2491079999999999, 1.2459522, 1.2442725000000001], [1.2491079999999999, 1.2459522, 1.2442725000000001, 1.2406221, 1.2346769, 1.2207875, 1.2143058999999998, 1.2115639], [1.2143058999999998, 1.2115639, 1.1822614], [1.1822614, 1.1671903000000001, 1.1491253000000001], [1.1491253000000001, 1.1444965, 1.1396823, 1.1290200000000001], [1.1081902, 1.08413], [1.08413, 1.067649], [1.067649, 1.0530761, 1.0472922], [1.0472922, 1.014253, 1.011011, 0.9925919], [1.014253, 0.9925919, 0.985894, 0.9802384, 0.9787184999999999], [0.9925919, 0.985894, 0.9802384, 0.9787184999999999, 0.9754434999999999, 0.972083, 0.9660434999999999], [0.9802384, 0.9660434999999999, 0.9515986999999999], [0.937733, 0.9356785, 0.9294081, 0.9165167], [0.9197161, 0.9165167, 0.9047930000000001]], "ref_indices_list": [[674, 669, 667, 663, 656, 654], [654, 650, 647, 646, 644, 638, 637, 635], [638, 637, 635, 632, 628, 624, 620, 616], [620, 616, 596], [596, 586, 580], [580, 577, 575, 572], [562, 555], [555, 546], [546, 536, 527], [527, 492, 486, 467], [492, 467, 461, 452, 449], [467, 461, 452, 449, 444, 440, 427], [452, 427, 406], [383, 379, 361, 328], [332, 328, 310]], "ref_name": "arc_lines.dat"}