{"orders": [30, 31, 32, 33, 34, 35, 36, 37, 38, 39, 40, 41, 42, 43, 44], "pixpos_list": [[1340.5385357886405, 1399.347198291642, 1443.5188354942395, 1507.5852112885984, 1734.5796538005106, 1792.1558215528432, 1818.5104145626503], [1339.2859339966592, 1512.9867335251067, 1577.2225296564902, 1591.7176950514802, 1627.3198636262086, 1717.5754657480006, 1874.270563749239, 1910.7954138012706, 1930.5155022403883], [1436.1060807628608, 1473.0039637580996, 1492.6681239556817, 1535.4434553225694, 1605.3101013938224, 1733.2481034049256, 1847.1039772991612, 1880.0484241195145], [1422.3322157039609, 1455.2498740707767, 1504.5384371872437, 1908.1534989872712], [1495.740591734478, 1524.1111293698514, 1587.7281369068103, 1656.5452582834446, 1816.1358522101825, 1875.3775251424922], [1415.0017085079035, 1474.3239603480006, 1818.8578970362616], [1428.4869219326815, 1550.0781060193433, 1558.497411845405, 1805.4397524647163, 1882.9865155013379], [1425.1058446708794, 1502.7635087328385, 1611.7474752063972, 1683.8647018422093, 1718.4653892302085, 1729.897822525239, 1934.6161857371167], [1358.696386092102, 1563.7501353886798, 1581.78753797308, 1645.8235375308684], [1763.729115490838, 1811.8984269152313], [1409.9574442724374, 1458.262212365681, 1583.5995343478162, 1735.5587463675533, 1925.2187861264417, 1948.9680716127007], [1389.6942894171002, 1579.566101446122, 1602.9641554960347, 1706.254334907263, 1757.660211223201, 1800.9489446906614], [1462.681810013481, 1692.4855418100715, 1718.8086813438867, 1802.486652812556], [1471.324944485039, 1525.4713800761099, 1586.263176302137, 1698.343531615639, 1705.9430895158703, 1723.2471733849534, 1938.9917477334795], [1614.4383575409709, 1813.8008878735611]], "wvl_list": [[1.3370766, 1.3316851, 1.3276270000000001, 1.32176, 1.3011822, 1.2960203, 1.2936733], [1.2960203, 1.2806241, 1.2749719, 1.2736901, 1.2705756, 1.262685, 1.2491079999999999, 1.245953, 1.2442724], [1.2491079999999999, 1.245953, 1.2442724, 1.2406221, 1.234677, 1.223859, 1.2143059999999999, 1.2115641], [1.2143059999999999, 1.2115641, 1.2074799999999999, 1.1745450000000002], [1.1745450000000002, 1.1722696, 1.1671904, 1.161726, 1.1491254000000002, 1.1444965], [1.1491254000000002, 1.1444965, 1.117988], [1.117988, 1.1088273, 1.1081903, 1.0898308, 1.084131], [1.0898308, 1.084131, 1.076181, 1.070971, 1.0684699, 1.0676489, 1.0530742], [1.0676489, 1.0530742, 1.051803, 1.0472923], [1.014253, 1.011011], [1.014253, 1.011011, 1.0026469999999998, 0.9925919, 0.9802384, 0.9787186], [0.9925919, 0.9802384, 0.9787186, 0.972083, 0.9687979999999999, 0.9660434999999999], [0.9660434999999999, 0.9515986999999999, 0.949968, 0.944793], [0.944793, 0.941459, 0.937733, 0.930919, 0.93045, 0.9294081, 0.9165167], [0.9165167, 0.9047930000000001]], "ref_indices_list": [[1046, 1042, 1039, 1031, 1022, 1018, 1016], [1018, 1008, 1005, 1003, 998, 996, 990, 989, 987], [990, 989, 987, 982, 978, 971, 961, 956], [961, 956, 950, 919], [919, 917, 914, 910, 901, 897], [901, 897, 866], [866, 855, 852, 834, 828], [834, 828, 819, 814, 811, 810, 786], [810, 786, 783, 774], [710, 701], [710, 701, 686, 658, 624, 620], [658, 624, 620, 599, 586, 574], [574, 532, 526, 514], [514, 500, 494, 471, 468, 465, 423], [423, 391]], "ref_name": "XeHgAr_lines.dat"}