{"wvl_list": [[1.047051, 0.9784501, 0.9657783999999999, 0.9547399999999999, 0.9534166999999999, 0.9486680000000001, 0.9459209999999999, 0.9425379999999999, 0.9354218000000001, 0.932652, 0.931398, 0.930085, 0.9224495, 0.920176, 0.914868, 0.9122966]], "ref_name": "ArINeI_lines.dat", "ref_indices_list": [[79, 78, 76, 75, 74, 73, 72, 71, 70, 69, 68, 67, 66, 65, 64, 63]], "pixpos_list": [[427.1697788920675, 1243.1954130827876, 1393.9035672255866, 1525.0081452140732, 1540.7791300926442, 1597.2079372924165, 1629.8601890305604, 1670.1058281900139, 1754.851682216776, 1787.694860776923, 1803.368529336262, 1818.2091699961154, 1909.2629276018477, 1936.2943872095655, 1999.4319590724892, 2030.2248399658122]], "orders": [1], "pix_widths_list": [[1.3323919794494252, 1.879447303458056, 1.8323217006646968, 1.8478249336216692, 1.8179120532502457, 1.838403090009663, 1.8499614059337954, 1.8230884121286852, 1.8724263511183006, 1.8343609939922405, 2.2762061563845335, 1.6975370161154362, 1.938244615919773, 1.7581811271250682, 1.8947009493761133, 1.9383837228993566]], "pix_amps_list": [[156.07745099131344, 1067.2552447167216, 12995.002134058543, 140.1254127882875, 308.3297110657927, 91.20142542862209, 132.02074997965184, 262.81642281242074, 553.2111716946611, 344.98634475729335, 131.64730082415946, 406.8508480795832, 9304.577570900303, 420.4833526897349, 577.3486756254662, 48543.09808363574]], "wvl_widths_list": [[0.0002240707239395956, 0.00031606998870292724, 0.000308144792441456, 0.00031075199864349923, 0.000305721496461242, 0.00030916751048126745, 0.00031111129298388995, 0.0003065920139209144, 0.00031488926268696815, 0.00030848774401981416, 0.00038279362917492676, 0.00028547781282250995, 0.0003259580370940096, 0.00029567644060313203, 0.00031863522140929135, 0.0003259814309618525]], "detected_wvl_list": [[1.047039303119231, 0.9784230635190867, 0.965750634638083, 0.954726589854422, 0.9534004725955795, 0.948655606266705, 0.9459100127033719, 0.9425259224202712, 0.935399992080122, 0.9326383442655305, 0.9313204099357502, 0.9300725214961351, 0.922416185485852, 0.9201432212167525, 0.9148342424577529, 0.9122449957419309]]}