{"orders": [1], "pixpos_list": [[54.744620834908496, 54.744620834908496, 60.57952554919003, 60.57952554919003, 90.05621721726801, 90.05621721726801, 117.6935756347545, 117.6935756347545, 122.88205693322028, 138.1416222917452, 138.1416222917452, 164.51934208545774, 164.51934208545774, 180.55839585325418, 266.7131364064824, 266.7131364064824, 337.4495293592121, 337.4495293592121, 342.4077235361272, 342.4077235361272, 355.23822040119427, 355.23822040119427, 379.10108732494496, 394.79420759910715, 566.951111384831, 566.951111384831, 581.5124016351524, 795.5783888102792, 795.5783888102792, 733.1653257491284, 733.1653257491284, 733.1653257491284]], "ref_indices_list": [[1068, 1069, 1054, 1055, 996, 997, 926, 927, 919, 892, 893, 848, 849, 817, 700, 701, 608, 609, 600, 601, 582, 583, 545, 518, 364, 365, 342, 128, 129, 192, 193, 194]], "ref_name": "ohlines.dat", "wvl_list": [[0.7979181, 0.7979181, 0.7966793, 0.7966793, 0.7903409, 0.7903409, 0.7841572, 0.7841572, 0.7830938000000001, 0.7796294, 0.7796294, 0.774252, 0.774252, 0.7702066, 0.7519282, 0.7519282, 0.7364261999999999, 0.7364261999999999, 0.7352666, 0.7352666, 0.7327694, 0.7327694, 0.7271167000000001, 0.7240766, 0.6864564000000001, 0.6864564000000001, 0.6833254, 0.6362533, 0.6362533, 0.6502912000000001, 0.6502912000000001, 0.6502912000000001]]}